slug,name,file,title,creator,license,license_url,landing_url
absinthe,Absinthe bottle,absinthe.jpg,File:Absinthe bottle with glass and spoon.jpg,Tangopaso,Public domain,,https://commons.wikimedia.org/wiki/File:Absinthe_bottle_with_glass_and_spoon.jpg
aged_rum,Aged rum bottle,aged_rum.jpg,File:Bottle of Puerto Rican rum Don Q (IMG 3730X).jpg,Roca Ruiz,CC BY-SA 2.0,https://creativecommons.org/licenses/by-sa/2.0,https://commons.wikimedia.org/wiki/File:Bottle_of_Puerto_Rican_rum_Don_Q_(IMG_3730X).jpg
aguardiente,Aguardiente bottle,aguardiente.jpg,File:Botella de Aguardiente Antioqueño.jpg,Yussef90 (talk) (Uploads),Public domain,,https://commons.wikimedia.org/wiki/File:Botella_de_Aguardiente_Antioque%C3%B1o.jpg
amaretto,Amaretto bottle,amaretto.jpg,File:Amaretto bottle from San Marino.jpg,MichalPL,CC BY-SA 4.0,https://creativecommons.org/licenses/by-sa/4.0,https://commons.wikimedia.org/wiki/File:Amaretto_bottle_from_San_Marino.jpg
amaro,Amaro bottle,amaro.jpg,File:Amaro Sibilla.jpg,KellyDoyle,CC BY-SA 4.0,https://creativecommons.org/licenses/by-sa/4.0,https://commons.wikimedia.org/wiki/File:Amaro_Sibilla.jpg
angostura_bitters,Angostura bitters bottle,angostura_bitters.jpg,File:Angostura aromatic bitters dD.jpg,Didier Descouens,CC BY-SA 3.0,https://creativecommons.org/licenses/by-sa/3.0,https://commons.wikimedia.org/wiki/File:Angostura_aromatic_bitters_dD.jpg
aperol,Aperol bottle,aperol.jpg,File:Aperol 001 2025 06 08.jpg,Friedrich Haag,CC BY-SA 4.0,https://creativecommons.org/licenses/by-sa/4.0,https://commons.wikimedia.org/wiki/File:Aperol_001_2025_06_08.jpg
apricot_brandy,Apricot brandy bottle,apricot_brandy.jpg,File:A.C. Illum - apricot brandy.png,Søren Greve,CC BY-SA 1.0,https://creativecommons.org/licenses/by-sa/1.0,https://commons.wikimedia.org/wiki/File:A.C._Illum_-_apricot_brandy.png
benedictine,Benedictine liqueur bottle,benedictine.jpg,File:D.O.M Benedictine French Herbal Liqueur 01.jpg,Indrajit Das,CC BY-SA 4.0,https://creativecommons.org/licenses/by-sa/4.0,https://commons.wikimedia.org/wiki/File:D.O.M_Benedictine_French_Herbal_Liqueur_01.jpg
blackstrap_rum,Blackstrap rum bottle,blackstrap_rum.jpg,File:Appleton Estate Jamaica Rum 01.jpg,Indrajit Das,CC BY-SA 4.0,https://creativecommons.org/licenses/by-sa/4.0,https://commons.wikimedia.org/wiki/File:Appleton_Estate_Jamaica_Rum_01.jpg
bourbon,Bourbon whiskey bottle,bourbon.jpg,File:Bourbon-bottle from Gettysburg.jpeg,"Gettysburg National Military Park, GETT 31373",Public domain,,https://commons.wikimedia.org/wiki/File:Bourbon-bottle_from_Gettysburg.jpeg
bourbon_or_rye,Bourbon whiskey bottle,bourbon_or_rye.jpg,File:Bourbon-bottle from Gettysburg.jpeg,"Gettysburg National Military Park, GETT 31373",Public domain,,https://commons.wikimedia.org/wiki/File:Bourbon-bottle_from_Gettysburg.jpeg
calvados,Calvados apple brandy bottle,calvados.jpg,File:Calvados Domfrontais.jpg,Steven Walling,CC BY-SA 3.0,https://creativecommons.org/licenses/by-sa/3.0,https://commons.wikimedia.org/wiki/File:Calvados_Domfrontais.jpg
campari,Campari bottle,campari.jpg,File:Bottle of Campari (United States).jpg,Kenneth C. Zirkel,CC BY-SA 4.0,https://creativecommons.org/licenses/by-sa/4.0,https://commons.wikimedia.org/wiki/File:Bottle_of_Campari_(United_States).jpg
champagne,Champagne bottle,champagne.jpg,File:Champagne flute and bottle.jpg,"Taken on September 22, 2005",CC BY 2.0,https://creativecommons.org/licenses/by/2.0,https://commons.wikimedia.org/wiki/File:Champagne_flute_and_bottle.jpg
chartreuse_green,Green Chartreuse bottle,chartreuse_green.jpg,File:Chartreuse-Liqueur 7588.JPG,Karl Gruber,CC BY-SA 4.0,https://creativecommons.org/licenses/by-sa/4.0,https://commons.wikimedia.org/wiki/File:Chartreuse-Liqueur_7588.JPG
chartreuse_yellow,Yellow Chartreuse bottle,chartreuse_yellow.jpg,File:Chartreuse jaune.JPG,Blois-Blois,CC BY-SA 3.0,https://creativecommons.org/licenses/by-sa/3.0,https://commons.wikimedia.org/wiki/File:Chartreuse_jaune.JPG
cherry_brandy,Cherry brandy bottle,cherry_brandy.jpg,File:Ginjinha Cherry Brandy Lisbon (5439781258).jpg,"Christine  Zenino from Chicago, US",CC BY 2.0,https://creativecommons.org/licenses/by/2.0,https://commons.wikimedia.org/wiki/File:Ginjinha_Cherry_Brandy_Lisbon_(5439781258).jpg
citron_vodka,Citron vodka bottle,citron_vodka.jpg,File:480 Sète - Colonel (sorbet citron + vodka) (7993649785) (2).jpg,hebdromadaires,CC BY-SA 2.0,https://creativecommons.org/licenses/by-sa/2.0,https://commons.wikimedia.org/wiki/File:480_S%C3%A8te_-_Colonel_(sorbet_citron_%2B_vodka)_(7993649785)_(2).jpg
coconut_rum,Coconut rum bottle,coconut_rum.jpg,"File:SelvaRey Chocolate, White, and Coconut Rums against backdrop.jpg",CJCurrie,CC BY-SA 4.0,https://creativecommons.org/licenses/by-sa/4.0,"https://commons.wikimedia.org/wiki/File:SelvaRey_Chocolate,_White,_and_Coconut_Rums_against_backdrop.jpg"
cointreau,Cointreau bottle,cointreau.jpg,File:Cointreau original v4.jpg,GaelCate,CC BY-SA 4.0,https://creativecommons.org/licenses/by-sa/4.0,https://commons.wikimedia.org/wiki/File:Cointreau_original_v4.jpg
creme_de_cacao_white,Creme de cacao bottle,creme_de_cacao_white.jpg,"File:Doorzichtig glazen fles Hulstkamp crème de cacao, groen en veelkleurig, objectnr 73994.JPG",opdrachtgever: fa. Hulstkamp,CC BY-SA 3.0,https://creativecommons.org/licenses/by-sa/3.0,"https://commons.wikimedia.org/wiki/File:Doorzichtig_glazen_fles_Hulstkamp_cr%C3%A8me_de_cacao,_groen_en_veelkleurig,_objectnr_73994.JPG"
creme_de_cassis,Creme de cassis bottle,creme_de_cassis.jpg,File:Creme de Cassis.jpg,ja:User:NEON / User:NEON_ja,CC BY-SA 2.5,https://creativecommons.org/licenses/by-sa/2.5,https://commons.wikimedia.org/wiki/File:Creme_de_Cassis.jpg
creme_de_menthe_white,Creme de menthe bottle,creme_de_menthe_white.jpg,File:Creme de menthe.jpg,M.Lawrenson,Public domain,,https://commons.wikimedia.org/wiki/File:Creme_de_menthe.jpg
drambuie,Drambuie bottle,drambuie.jpg,File:Drambuie bottle.jpg,MaskedSinger,CC BY-SA 4.0,https://creativecommons.org/licenses/by-sa/4.0,https://commons.wikimedia.org/wiki/File:Drambuie_bottle.jpg
dry_vermouth,Dry vermouth bottle,dry_vermouth.jpg,File:Dolin's Vermouth (Dry) 01.jpg,Indrajit Das,CC BY-SA 4.0,https://creativecommons.org/licenses/by-sa/4.0,https://commons.wikimedia.org/wiki/File:Dolin%27s_Vermouth_(Dry)_01.jpg
falernum,Falernum bottle,falernum.jpg,File:Falernum.jpg,Craig Hermann,CC BY 2.0,https://creativecommons.org/licenses/by/2.0,https://commons.wikimedia.org/wiki/File:Falernum.jpg
fernet,Fernet Branca bottle,fernet.jpg,File:Fernetbranca.jpg,Didier Descouens,CC BY-SA 4.0,https://creativecommons.org/licenses/by-sa/4.0,https://commons.wikimedia.org/wiki/File:Fernetbranca.jpg
frangelico,Frangelico bottle,frangelico.jpg,File:Frangelico Liqueur.jpg,"Marieke Kuijjer from Leiden, The Netherlands",CC BY-SA 2.0,https://creativecommons.org/licenses/by-sa/2.0,https://commons.wikimedia.org/wiki/File:Frangelico_Liqueur.jpg
gin,Gin bottle,gin.jpg,File:Hendricks Gin Glorifier balance antique.jpg,Pierre André Leclercq,CC BY 4.0,https://creativecommons.org/licenses/by/4.0,https://commons.wikimedia.org/wiki/File:Hendricks_Gin_Glorifier_balance_antique.jpg
gold_rum,Gold rum bottle,gold_rum.jpg,File:Barracuda Gold Rum.jpg,JIP,CC BY-SA 4.0,https://creativecommons.org/licenses/by-sa/4.0,https://commons.wikimedia.org/wiki/File:Barracuda_Gold_Rum.jpg
grappa,Grappa bottle,grappa.jpg,File:Grappa Storica Nera Bottle.jpg,AlMare,CC BY-SA 2.5,https://creativecommons.org/licenses/by-sa/2.5,https://commons.wikimedia.org/wiki/File:Grappa_Storica_Nera_Bottle.jpg
irish_whiskey,Irish whiskey bottle,irish_whiskey.jpg,File:James Irish Blended Whiskey 01.jpg,Indrajit Das,CC BY-SA 4.0,https://creativecommons.org/licenses/by-sa/4.0,https://commons.wikimedia.org/wiki/File:James_Irish_Blended_Whiskey_01.jpg
islay_scotch,Islay whisky bottle,islay_scotch.jpg,File:Lagavulin Islay Single Malt Scotch Whisky The Distillers edition.jpg,Look Sharp!,CC BY-SA 4.0,https://creativecommons.org/licenses/by-sa/4.0,https://commons.wikimedia.org/wiki/File:Lagavulin_Islay_Single_Malt_Scotch_Whisky_The_Distillers_edition.jpg
jamaican_rum,Jamaican rum bottle,jamaican_rum.jpg,File:Appleton Estate V-X Jamaica Rum-front shot.jpg,Nebrot,CC BY-SA 3.0,https://creativecommons.org/licenses/by-sa/3.0,https://commons.wikimedia.org/wiki/File:Appleton_Estate_V-X_Jamaica_Rum-front_shot.jpg
lillet_blanc,Lillet Blanc bottle,lillet_blanc.jpg,File:Lillet Blanc Aperitif 01.jpg,Indrajit Das,CC BY-SA 4.0,https://creativecommons.org/licenses/by-sa/4.0,https://commons.wikimedia.org/wiki/File:Lillet_Blanc_Aperitif_01.jpg
maraschino,Maraschino liqueur bottle,maraschino.jpg,File:Luxardo Maraschino three bottles.jpg,Kenneth C. Zirkel,CC BY-SA 4.0,https://creativecommons.org/licenses/by-sa/4.0,https://commons.wikimedia.org/wiki/File:Luxardo_Maraschino_three_bottles.jpg
mezcal,Mezcal bottle,mezcal.jpg,File:Pistol shaped mezcal bottle.jpg,Nanahuatl,CC BY-SA 4.0,https://creativecommons.org/licenses/by-sa/4.0,https://commons.wikimedia.org/wiki/File:Pistol_shaped_mezcal_bottle.jpg
old_tom_gin,Old Tom gin bottle,old_tom_gin.jpg,File:Old Tom Gin Palace - geograph.org.uk - 5352377.jpg,Gerald England,CC BY-SA 2.0,https://creativecommons.org/licenses/by-sa/2.0,https://commons.wikimedia.org/wiki/File:Old_Tom_Gin_Palace_-_geograph.org.uk_-_5352377.jpg
overproof_rum,Overproof rum bottle,overproof_rum.jpg,File:Wray & Nephew White Overproof Rum (cropped).jpg,ZeugeDerNacht.,CC BY-SA 4.0,https://creativecommons.org/licenses/by-sa/4.0,https://commons.wikimedia.org/wiki/File:Wray_%26_Nephew_White_Overproof_Rum_(cropped).jpg
peach_brandy,Peach brandy bottle,peach_brandy.jpg,"File:Cusenier Peach brandy, liqueur de pêches affiche, Pal.jpg",Pal (1855-1942). Illustrateur,Public domain,,"https://commons.wikimedia.org/wiki/File:Cusenier_Peach_brandy,_liqueur_de_p%C3%AAches_affiche,_Pal.jpg"
peach_schnapps,Peach schnapps bottle,peach_schnapps.jpg,File:De Kuyper Butterscotch Schnapps 01.jpg,Indrajit Das,CC BY-SA 4.0,https://creativecommons.org/licenses/by-sa/4.0,https://commons.wikimedia.org/wiki/File:De_Kuyper_Butterscotch_Schnapps_01.jpg
pernod,Pernod bottle,pernod.jpg,File:Pernod p 006.jpg,"Peng (talk) 13:47, 17 June 2008 (UTC)",CC BY-SA 3.0,http://creativecommons.org/licenses/by-sa/3.0/,https://commons.wikimedia.org/wiki/File:Pernod_p_006.jpg
pisco,Pisco bottle,pisco.jpg,File:Pisco Mistral.jpg,Rjcastillo,CC BY-SA 4.0,https://creativecommons.org/licenses/by-sa/4.0,https://commons.wikimedia.org/wiki/File:Pisco_Mistral.jpg
port,Port wine bottle,port.jpg,File:Still life with Port wine - 1988-07.jpg,pedrik,CC BY 2.0,https://creativecommons.org/licenses/by/2.0,https://commons.wikimedia.org/wiki/File:Still_life_with_Port_wine_-_1988-07.jpg
prosecco,Prosecco bottle,prosecco.jpg,File:Prosecco DOC Millesimato Extra Dry.jpg,Yari Muzzolon,CC0,http://creativecommons.org/publicdomain/zero/1.0/deed.en,https://commons.wikimedia.org/wiki/File:Prosecco_DOC_Millesimato_Extra_Dry.jpg
red_wine,Red wine bottle,red_wine.jpg,File:St. Magdalener Classico Bottle Glass Wine Tasting Maretsch.jpg,ChrisCrea,CC BY-SA 4.0,https://creativecommons.org/licenses/by-sa/4.0,https://commons.wikimedia.org/wiki/File:St._Magdalener_Classico_Bottle_Glass_Wine_Tasting_Maretsch.jpg
rhum_agricole,Rhum agricole bottle,rhum_agricole.jpg,File:Rhum Clément.jpg,Thomon,CC BY-SA 4.0,https://creativecommons.org/licenses/by-sa/4.0,https://commons.wikimedia.org/wiki/File:Rhum_Cl%C3%A9ment.jpg
rum,Rum bottle,rum.jpg,File:Bottle of Captain Morgan Rum 01.jpg,Pinakpani,CC BY-SA 4.0,https://creativecommons.org/licenses/by-sa/4.0,https://commons.wikimedia.org/wiki/File:Bottle_of_Captain_Morgan_Rum_01.jpg
rye,Rye whiskey bottle,rye.jpg,File:A bottle of Old Overholt Straight Rye Whiskey.jpg,User:kzirkel,CC0,http://creativecommons.org/publicdomain/zero/1.0/deed.en,https://commons.wikimedia.org/wiki/File:A_bottle_of_Old_Overholt_Straight_Rye_Whiskey.jpg
scotch,Scotch whisky bottle,scotch.jpg,File:Bottle of whisky from the Scotch Malt Whisky Society.jpg,Paul Joseph,CC BY 2.0,https://creativecommons.org/licenses/by/2.0,https://commons.wikimedia.org/wiki/File:Bottle_of_whisky_from_the_Scotch_Malt_Whisky_Society.jpg
sherry_palo_cortado,Palo Cortado sherry bottle,sherry_palo_cortado.jpg,File:Palo Cortado VORS.jpg,Caballero 1830,CC BY-SA 3.0,https://creativecommons.org/licenses/by-sa/3.0,https://commons.wikimedia.org/wiki/File:Palo_Cortado_VORS.jpg
sparkling_wine,Sparkling wine bottle,sparkling_wine.jpg,File:Sula Sparkling Shiraz.jpg,Princerocky2021,CC BY-SA 4.0,https://creativecommons.org/licenses/by-sa/4.0,https://commons.wikimedia.org/wiki/File:Sula_Sparkling_Shiraz.jpg
sweet_vermouth,Sweet vermouth bottle,sweet_vermouth.jpg,File:Maidenii Vermouth (Sweet) 01.jpg,Indrajit Das,CC BY-SA 4.0,https://creativecommons.org/licenses/by-sa/4.0,https://commons.wikimedia.org/wiki/File:Maidenii_Vermouth_(Sweet)_01.jpg
tequila,Tequila bottle,tequila.jpg,"File:Tequila Corralejo 100ml (Reposado), Mexico, 2026-03-30.jpg",Chris Woodrich,CC BY 4.0,https://creativecommons.org/licenses/by/4.0,"https://commons.wikimedia.org/wiki/File:Tequila_Corralejo_100ml_(Reposado),_Mexico,_2026-03-30.jpg"
triple_sec,Triple sec bottle,triple_sec.jpg,File:Triple Sec.jpg,"Chris Kirkman from Chapel Hill, North Carolina, United States",CC BY 2.0,https://creativecommons.org/licenses/by/2.0,https://commons.wikimedia.org/wiki/File:Triple_Sec.jpg
vanilla_vodka,Vanilla vodka bottle,vanilla_vodka.jpg,File:Vanilla pear cocktail ingredients Absolut vodka vanilla bean extract and glass (18495290910).jpg,Personal Creations,CC BY 2.0,https://creativecommons.org/licenses/by/2.0,https://commons.wikimedia.org/wiki/File:Vanilla_pear_cocktail_ingredients_Absolut_vodka_vanilla_bean_extract_and_glass_(18495290910).jpg
vodka,Vodka bottle,vodka.jpg,File:Tito's Vodka bottle 1.75L size.jpg,Kenneth C. Zirkel,CC BY-SA 4.0,https://creativecommons.org/licenses/by-sa/4.0,https://commons.wikimedia.org/wiki/File:Tito%27s_Vodka_bottle_1.75L_size.jpg
white_rum,White rum bottle,white_rum.jpg,"File:SelvaRey Chocolate, White, and Coconut Rums against backdrop.jpg",CJCurrie,CC BY-SA 4.0,https://creativecommons.org/licenses/by-sa/4.0,"https://commons.wikimedia.org/wiki/File:SelvaRey_Chocolate,_White,_and_Coconut_Rums_against_backdrop.jpg"
white_wine,White wine bottle glass,white_wine.jpg,"File:Bottle and glass of Barefoot white zinfandel wine, 2012.jpg",DimiTalen,CC0,http://creativecommons.org/publicdomain/zero/1.0/deed.en,"https://commons.wikimedia.org/wiki/File:Bottle_and_glass_of_Barefoot_white_zinfandel_wine,_2012.jpg"
