file,source,title,creator,creator_url,license,license_url,landing_url,url,query,width,height,bottles_detected,kept
14f49320e522.jpg,wikimedia-commons,File:Assorted gin bottles on a store shelf.jpg,Jon Worth,,CC BY 2.0,https://creativecommons.org/licenses/by/2.0,https://commons.wikimedia.org/wiki/File:Assorted_gin_bottles_on_a_store_shelf.jpg,https://thumb.wikimedia.org/wikipedia/commons/thumb/3/33/Assorted_gin_bottles_on_a_store_shelf.jpg/1280px-Assorted_gin_bottles_on_a_store_shelf.jpg?utm_source=commons.wikimedia.org&utm_campaign=imageinfo&utm_content=thumbnail,liquor bottle shelf,1280,857,11,yes
b4c060812858.jpg,wikimedia-commons,File:Attendant at a liquor store in Kenya.jpg,Lebu Ayiga,,CC BY-SA 4.0,https://creativecommons.org/licenses/by-sa/4.0,https://commons.wikimedia.org/wiki/File:Attendant_at_a_liquor_store_in_Kenya.jpg,https://thumb.wikimedia.org/wikipedia/commons/thumb/d/d5/Attendant_at_a_liquor_store_in_Kenya.jpg/1280px-Attendant_at_a_liquor_store_in_Kenya.jpg?utm_source=commons.wikimedia.org&utm_campaign=imageinfo&utm_content=thumbnail,liquor bottle shelf,1280,1925,13,yes
7bd7cd05dc82.jpg,wikimedia-commons,File:Barbestand.JPG,4028mdk09,,CC BY-SA 3.0,https://creativecommons.org/licenses/by-sa/3.0,https://commons.wikimedia.org/wiki/File:Barbestand.JPG,https://thumb.wikimedia.org/wikipedia/commons/thumb/a/ae/Barbestand.JPG/1280px-Barbestand.JPG?utm_source=commons.wikimedia.org&utm_campaign=imageinfo&utm_content=thumbnail,liquor bottle shelf,1280,960,26,yes
a899944a9e83.jpg,wikimedia-commons,File:DFC 0603 Bottles of liquor lined up on a backlit bar shelf glowing in cool blue light.jpg,PattayaPatrol,,CC BY-SA 4.0,https://creativecommons.org/licenses/by-sa/4.0,https://commons.wikimedia.org/wiki/File:DFC_0603_Bottles_of_liquor_lined_up_on_a_backlit_bar_shelf_glowing_in_cool_blue_light.jpg,https://thumb.wikimedia.org/wikipedia/commons/thumb/0/0b/DFC_0603_Bottles_of_liquor_lined_up_on_a_backlit_bar_shelf_glowing_in_cool_blue_light.jpg/1280px-DFC_0603_Bottles_of_liquor_lined_up_on_a_backlit_bar_shelf_glowing_in_cool_blue_light.jpg?utm_source=commons.wikimedia.org&utm_campaign=imageinfo&utm_content=thumbnail,liquor bottle shelf,1280,853,4,yes
13447b710ec6.jpg,wikimedia-commons,File:DFC 3751 A colorful row of liquor bottles glowing under neon lights along a sleek bar shelf.jpg,PattayaPatrol,,CC BY-SA 4.0,https://creativecommons.org/licenses/by-sa/4.0,https://commons.wikimedia.org/wiki/File:DFC_3751_A_colorful_row_of_liquor_bottles_glowing_under_neon_lights_along_a_sleek_bar_shelf.jpg,https://thumb.wikimedia.org/wikipedia/commons/thumb/2/26/DFC_3751_A_colorful_row_of_liquor_bottles_glowing_under_neon_lights_along_a_sleek_bar_shelf.jpg/1280px-DFC_3751_A_colorful_row_of_liquor_bottles_glowing_under_neon_lights_along_a_sleek_bar_shelf.jpg?utm_source=commons.wikimedia.org&utm_campaign=imageinfo&utm_content=thumbnail,liquor bottle shelf,1280,853,0,no
c19769c3882b.jpg,wikimedia-commons,"File:DeliDelux, Lisbon (6137077335).jpg",ricardo from London,,CC BY 2.0,https://creativecommons.org/licenses/by/2.0,"https://commons.wikimedia.org/wiki/File:DeliDelux,_Lisbon_(6137077335).jpg",https://thumb.wikimedia.org/wikipedia/commons/thumb/0/0a/DeliDelux%2C_Lisbon_%286137077335%29.jpg/1280px-DeliDelux%2C_Lisbon_%286137077335%29.jpg?utm_source=commons.wikimedia.org&utm_campaign=imageinfo&utm_content=thumbnail,liquor bottle shelf,1280,1707,0,no
741c328a39df.jpg,wikimedia-commons,File:Hongmao medicinal liquor on the shelf in a pharmacy.jpg,Shwangtianyuan,,CC BY-SA 4.0,https://creativecommons.org/licenses/by-sa/4.0,https://commons.wikimedia.org/wiki/File:Hongmao_medicinal_liquor_on_the_shelf_in_a_pharmacy.jpg,https://thumb.wikimedia.org/wikipedia/commons/thumb/0/0f/Hongmao_medicinal_liquor_on_the_shelf_in_a_pharmacy.jpg/1280px-Hongmao_medicinal_liquor_on_the_shelf_in_a_pharmacy.jpg?utm_source=commons.wikimedia.org&utm_campaign=imageinfo&utm_content=thumbnail,liquor bottle shelf,1280,1707,0,no
097b5214e014.jpg,wikimedia-commons,File:Liquor Cabinet (4233482692).jpg,xlibber,,CC BY 2.0,https://creativecommons.org/licenses/by/2.0,https://commons.wikimedia.org/wiki/File:Liquor_Cabinet_(4233482692).jpg,https://thumb.wikimedia.org/wikipedia/commons/thumb/d/de/Liquor_Cabinet_%284233482692%29.jpg/1280px-Liquor_Cabinet_%284233482692%29.jpg?utm_source=commons.wikimedia.org&utm_campaign=imageinfo&utm_content=thumbnail,liquor bottle shelf,1280,924,28,yes
29735dd473f3.jpg,wikimedia-commons,File:Roberts Bar NOLA Bottles 1.jpg,Infrogmation of New Orleans,,CC BY 2.0,https://creativecommons.org/licenses/by/2.0,https://commons.wikimedia.org/wiki/File:Roberts_Bar_NOLA_Bottles_1.jpg,https://thumb.wikimedia.org/wikipedia/commons/thumb/2/26/Roberts_Bar_NOLA_Bottles_1.jpg/1280px-Roberts_Bar_NOLA_Bottles_1.jpg?utm_source=commons.wikimedia.org&utm_campaign=imageinfo&utm_content=thumbnail,liquor bottle shelf,1280,960,36,yes
931c5fe453c6.jpg,wikimedia-commons,File:Rum display in liquor store.jpg,User:O'Dea,,CC BY-SA 4.0,https://creativecommons.org/licenses/by-sa/4.0,https://commons.wikimedia.org/wiki/File:Rum_display_in_liquor_store.jpg,https://thumb.wikimedia.org/wikipedia/commons/thumb/f/fe/Rum_display_in_liquor_store.jpg/1280px-Rum_display_in_liquor_store.jpg?utm_source=commons.wikimedia.org&utm_campaign=imageinfo&utm_content=thumbnail,liquor bottle shelf,1280,637,16,yes
90de2b88a1a0.jpg,wikimedia-commons,File:The liquor book (IA liquorboo00bate).pdf,"Bates, Charles Austin, 1866- [from old catalog] ed",,Public domain,,https://commons.wikimedia.org/wiki/File:The_liquor_book_(IA_liquorboo00bate).pdf,https://thumb.wikimedia.org/wikipedia/commons/thumb/4/4d/The_liquor_book_%28IA_liquorboo00bate%29.pdf/page1-500px-The_liquor_book_%28IA_liquorboo00bate%29.pdf.jpg?utm_source=commons.wikimedia.org&utm_campaign=imageinfo&utm_content=thumbnail,liquor bottle shelf,500,772,0,no
4f892875c521.jpg,wikimedia-commons,"File:Two shelves full of liquor bottles (Portland, Oregon - 2014).jpg",Visitor7,,CC BY-SA 3.0,https://creativecommons.org/licenses/by-sa/3.0,"https://commons.wikimedia.org/wiki/File:Two_shelves_full_of_liquor_bottles_(Portland,_Oregon_-_2014).jpg",https://thumb.wikimedia.org/wikipedia/commons/thumb/a/ab/Two_shelves_full_of_liquor_bottles_%28Portland%2C_Oregon_-_2014%29.jpg/1280px-Two_shelves_full_of_liquor_bottles_%28Portland%2C_Oregon_-_2014%29.jpg?utm_source=commons.wikimedia.org&utm_campaign=imageinfo&utm_content=thumbnail,liquor bottle shelf,1280,853,27,yes
ae21db92ec69.jpg,openverse/flickr,Bletchley Park House - Mansion - Bar,ell brown,https://www.flickr.com/photos/39415781@N06,CC BY 2.0,https://creativecommons.org/licenses/by/2.0/,https://www.flickr.com/photos/39415781@N06/5105300499,https://live.staticflickr.com/1379/5105300499_ae48dda779_b.jpg,home bar shelf,1024,768,0,no
d87167ff191e.jpg,wikimedia-commons,File:A lay of Norwich - Shavings from the shelf (and) Aschamica (IA layofnorwichshav00jame).pdf,"James, Arthur C",,Public domain,,https://commons.wikimedia.org/wiki/File:A_lay_of_Norwich_-_Shavings_from_the_shelf_(and)_Aschamica_(IA_layofnorwichshav00jame).pdf,https://thumb.wikimedia.org/wikipedia/commons/thumb/9/92/A_lay_of_Norwich_-_Shavings_from_the_shelf_%28and%29_Aschamica_%28IA_layofnorwichshav00jame%29.pdf/page1-960px-A_lay_of_Norwich_-_Shavings_from_the_shelf_%28and%29_Aschamica_%28IA_layofnorwichshav00jame%29.pdf.jpg?utm_source=commons.wikimedia.org&utm_campaign=imageinfo&utm_content=thumbnail,home bar shelf,960,1388,0,no
4f61e3ad819b.jpg,wikimedia-commons,File:A librarian's open shelf- essays on various subjects (IA librariansopen00bostrich).pdf,"Bostwick, Arthur Elmore, 1860-1942",,Public domain,,https://commons.wikimedia.org/wiki/File:A_librarian%27s_open_shelf-_essays_on_various_subjects_(IA_librariansopen00bostrich).pdf,https://thumb.wikimedia.org/wikipedia/commons/thumb/4/4b/A_librarian%27s_open_shelf-_essays_on_various_subjects_%28IA_librariansopen00bostrich%29.pdf/page1-500px-A_librarian%27s_open_shelf-_essays_on_various_subjects_%28IA_librariansopen00bostrich%29.pdf.jpg?utm_source=commons.wikimedia.org&utm_campaign=imageinfo&utm_content=thumbnail,home bar shelf,500,850,0,no
9575d9df2653.jpg,wikimedia-commons,File:Home as Found (IA homeasfound00coop).pdf,"Cooper, James Fenimore, 1789-1851",,Public domain,,https://commons.wikimedia.org/wiki/File:Home_as_Found_(IA_homeasfound00coop).pdf,https://thumb.wikimedia.org/wikipedia/commons/thumb/c/ce/Home_as_Found_%28IA_homeasfound00coop%29.pdf/page1-960px-Home_as_Found_%28IA_homeasfound00coop%29.pdf.jpg?utm_source=commons.wikimedia.org&utm_campaign=imageinfo&utm_content=thumbnail,home bar shelf,960,1524,0,no
e41af0b86140.jpg,wikimedia-commons,"File:Ladies' Home Journal Vol.12 No.04 (March, 1895).pdf",various,,Public domain,,"https://commons.wikimedia.org/wiki/File:Ladies%27_Home_Journal_Vol.12_No.04_(March,_1895).pdf",https://thumb.wikimedia.org/wikipedia/commons/thumb/1/19/Ladies%27_Home_Journal_Vol.12_No.04_%28March%2C_1895%29.pdf/page1-1280px-Ladies%27_Home_Journal_Vol.12_No.04_%28March%2C_1895%29.pdf.jpg?utm_source=commons.wikimedia.org&utm_campaign=imageinfo&utm_content=thumbnail,home bar shelf,1280,1927,0,no
866c98725d4a.jpg,wikimedia-commons,"File:Ladies' Home Journal Vol.12 No.12 (November, 1895).pdf",various,,Public domain,,"https://commons.wikimedia.org/wiki/File:Ladies%27_Home_Journal_Vol.12_No.12_(November,_1895).pdf",https://thumb.wikimedia.org/wikipedia/commons/thumb/d/df/Ladies%27_Home_Journal_Vol.12_No.12_%28November%2C_1895%29.pdf/page1-1280px-Ladies%27_Home_Journal_Vol.12_No.12_%28November%2C_1895%29.pdf.jpg?utm_source=commons.wikimedia.org&utm_campaign=imageinfo&utm_content=thumbnail,home bar shelf,1280,1903,0,no
038a00d9a7a3.jpg,wikimedia-commons,"File:Ladies' Home Journal Vol.14 No.10 (September, 1897).pdf",various,,Public domain,,"https://commons.wikimedia.org/wiki/File:Ladies%27_Home_Journal_Vol.14_No.10_(September,_1897).pdf",https://thumb.wikimedia.org/wikipedia/commons/thumb/0/08/Ladies%27_Home_Journal_Vol.14_No.10_%28September%2C_1897%29.pdf/page1-1280px-Ladies%27_Home_Journal_Vol.14_No.10_%28September%2C_1897%29.pdf.jpg?utm_source=commons.wikimedia.org&utm_campaign=imageinfo&utm_content=thumbnail,home bar shelf,1280,1901,0,no
2edc5f546c61.jpg,wikimedia-commons,"File:Ladies' Home Journal Vol.14 No.11 (October, 1897).pdf",various,,Public domain,,"https://commons.wikimedia.org/wiki/File:Ladies%27_Home_Journal_Vol.14_No.11_(October,_1897).pdf",https://thumb.wikimedia.org/wikipedia/commons/thumb/4/49/Ladies%27_Home_Journal_Vol.14_No.11_%28October%2C_1897%29.pdf/page1-1280px-Ladies%27_Home_Journal_Vol.14_No.11_%28October%2C_1897%29.pdf.jpg?utm_source=commons.wikimedia.org&utm_campaign=imageinfo&utm_content=thumbnail,home bar shelf,1280,1880,0,no
4ab53f76ee67.jpg,wikimedia-commons,"File:Ladies' Home Journal Vol.7 No.02 (January, 1890).pdf",various,,Public domain,,"https://commons.wikimedia.org/wiki/File:Ladies%27_Home_Journal_Vol.7_No.02_(January,_1890).pdf",https://thumb.wikimedia.org/wikipedia/commons/thumb/a/af/Ladies%27_Home_Journal_Vol.7_No.02_%28January%2C_1890%29.pdf/page1-1280px-Ladies%27_Home_Journal_Vol.7_No.02_%28January%2C_1890%29.pdf.jpg?utm_source=commons.wikimedia.org&utm_campaign=imageinfo&utm_content=thumbnail,home bar shelf,1280,1839,0,no
44e1ad64346e.jpg,wikimedia-commons,File:The Harvard Classics Shelf of Fiction Vol. 05.djvu,,,Public domain,,https://commons.wikimedia.org/wiki/File:The_Harvard_Classics_Shelf_of_Fiction_Vol._05.djvu,https://thumb.wikimedia.org/wikipedia/commons/thumb/8/82/The_Harvard_Classics_Shelf_of_Fiction_Vol._05.djvu/page1-1280px-The_Harvard_Classics_Shelf_of_Fiction_Vol._05.djvu.jpg?utm_source=commons.wikimedia.org&utm_campaign=imageinfo&utm_content=thumbnail,home bar shelf,1280,2096,0,no
59779b3a3679.jpg,wikimedia-commons,File:The Harvard Classics Shelf of Fiction Vol. 11.djvu,,,Public domain,,https://commons.wikimedia.org/wiki/File:The_Harvard_Classics_Shelf_of_Fiction_Vol._11.djvu,https://thumb.wikimedia.org/wikipedia/commons/thumb/8/84/The_Harvard_Classics_Shelf_of_Fiction_Vol._11.djvu/page1-1280px-The_Harvard_Classics_Shelf_of_Fiction_Vol._11.djvu.jpg?utm_source=commons.wikimedia.org&utm_campaign=imageinfo&utm_content=thumbnail,home bar shelf,1280,2005,0,no
f44d662fbe1e.jpg,wikimedia-commons,File:The Harvard Classics Shelf of Fiction Vol. 20.djvu,,,Public domain,,https://commons.wikimedia.org/wiki/File:The_Harvard_Classics_Shelf_of_Fiction_Vol._20.djvu,https://thumb.wikimedia.org/wikipedia/commons/thumb/9/9b/The_Harvard_Classics_Shelf_of_Fiction_Vol._20.djvu/page1-1280px-The_Harvard_Classics_Shelf_of_Fiction_Vol._20.djvu.jpg?utm_source=commons.wikimedia.org&utm_campaign=imageinfo&utm_content=thumbnail,home bar shelf,1280,2068,0,no
b9de69428d9e.jpg,wikimedia-commons,File:Wildwood homes - being a collection of houses and details with suggestions for the home builder (IA wildwoodhomesbe00wild).pdf,Wildwood Builders Co,,Public domain,,https://commons.wikimedia.org/wiki/File:Wildwood_homes_-_being_a_collection_of_houses_and_details_with_suggestions_for_the_home_builder_(IA_wildwoodhomesbe00wild).pdf,https://thumb.wikimedia.org/wikipedia/commons/thumb/9/9a/Wildwood_homes_-_being_a_collection_of_houses_and_details_with_suggestions_for_the_home_builder_%28IA_wildwoodhomesbe00wild%29.pdf/page1-500px-Wildwood_homes_-_being_a_collection_of_houses_and_details_with_suggestions_for_the_home_builder_%28IA_wildwoodhomesbe00wild%29.pdf.jpg?utm_source=commons.wikimedia.org&utm_campaign=imageinfo&utm_content=thumbnail,home bar shelf,500,764,0,no
9ce833bd9d95.jpg,openverse/flickr,Silhouetted liquor bottle shelf arrangement at a lounge,Dave Shaver,https://www.flickr.com/photos/7642177@N05,CC BY 2.0,https://creativecommons.org/licenses/by/2.0/,https://www.flickr.com/photos/7642177@N05/24983811972,https://live.staticflickr.com/1649/24983811972_dce89a9219_b.jpg,liquor bottle shelf,600,516,31,yes
b37557a83faf.jpg,openverse/flickr,Bar,Sam Howzit,https://www.flickr.com/photos/12508217@N08,CC BY 2.0,https://creativecommons.org/licenses/by/2.0/,https://www.flickr.com/photos/12508217@N08/16235516979,https://live.staticflickr.com/7303/16235516979_01b6db9366_b.jpg,liquor bottle shelf,600,400,12,yes
064faa9f5dda.jpg,openverse/flickr,Wine,Tobyotter,https://www.flickr.com/photos/78428166@N00,CC BY 2.0,https://creativecommons.org/licenses/by/2.0/,https://www.flickr.com/photos/78428166@N00/4433318139,https://live.staticflickr.com/4047/4433318139_69f48ef1e6_b.jpg,liquor bottle shelf,600,449,18,yes
cd121c6e9596.jpg,openverse/flickr,pharmacy at blists hill,apdk,https://www.flickr.com/photos/62337512@N00,CC BY 2.0,https://creativecommons.org/licenses/by/2.0/,https://www.flickr.com/photos/62337512@N00/3669682422,https://live.staticflickr.com/3409/3669682422_1fc0fb6d40_b.jpg,liquor bottle shelf,600,400,17,yes
9c917a8dc17b.jpg,openverse/flickr,Cheap Wine,Joe Shlabotnik,https://www.flickr.com/photos/40646519@N00,CC BY 2.0,https://creativecommons.org/licenses/by/2.0/,https://www.flickr.com/photos/40646519@N00/487029736,https://live.staticflickr.com/189/487029736_12ac177300_b.jpg,liquor bottle shelf,600,797,16,yes
14aee5f9060e.jpg,openverse/flickr,SS+W Boardwalk (11/1/11),thezenderagenda.com,https://www.flickr.com/photos/92402750@N00,CC BY 2.0,https://creativecommons.org/licenses/by/2.0/,https://www.flickr.com/photos/92402750@N00/6307285143,https://live.staticflickr.com/6238/6307285143_047d48e993_b.jpg,liquor bottle shelf,600,400,26,yes
a663c42087ac.jpg,openverse/flickr,Diet Coke,JeepersMedia,https://www.flickr.com/photos/39160147@N03,CC BY 2.0,https://creativecommons.org/licenses/by/2.0/,https://www.flickr.com/photos/39160147@N03/14391469937,https://live.staticflickr.com/3854/14391469937_bed145b997_b.jpg,liquor bottle shelf,600,448,5,yes
9b98f69cf155.jpg,openverse/flickr,TESCO - English Bottled Beer Display,D H Wright,https://www.flickr.com/photos/59521130@N00,CC BY 2.0,https://creativecommons.org/licenses/by/2.0/,https://www.flickr.com/photos/59521130@N00/7132178933,https://live.staticflickr.com/7265/7132178933_9b1f1d6b42_b.jpg,liquor bottle shelf,600,492,3,yes
602dd976bdad.jpg,openverse/flickr,Bar,Sam Howzit,https://www.flickr.com/photos/12508217@N08,CC BY 2.0,https://creativecommons.org/licenses/by/2.0/,https://www.flickr.com/photos/12508217@N08/16421715875,https://live.staticflickr.com/8679/16421715875_72b9b579ed_b.jpg,liquor bottle shelf,600,400,14,yes
263584671817.jpg,openverse/flickr,stocked bar,this_could_be_my_house,https://www.flickr.com/photos/23932622@N08,CC BY 2.0,https://creativecommons.org/licenses/by/2.0/,https://www.flickr.com/photos/23932622@N08/2270051563,https://live.staticflickr.com/2390/2270051563_dece30ecf1_b.jpg,liquor bottle shelf,600,480,20,yes
528528b6470a.jpg,openverse/flickr,"Many Crates, One Drink",Abhisek Sarda,https://www.flickr.com/photos/7927132@N08,CC BY 2.0,https://creativecommons.org/licenses/by/2.0/,https://www.flickr.com/photos/7927132@N08/3615551027,https://live.staticflickr.com/3363/3615551027_89244f206f_b.jpg,liquor bottle shelf,600,410,0,no
53f5dc8be830.jpg,openverse/flickr,The Bow Bar,Bernt Rostad,https://www.flickr.com/photos/67975030@N00,CC BY 2.0,https://creativecommons.org/licenses/by/2.0/,https://www.flickr.com/photos/67975030@N00/6262991486,https://live.staticflickr.com/6100/6262991486_9f69157038_b.jpg,liquor bottle shelf,600,449,2,yes
376039aded0a.jpg,wikimedia-commons,File:DZ3 0679 A colorful row of liquor bottles lined up on a dimly lit bar ready for tonights drinks.jpg,PattayaPatrol,,CC BY-SA 4.0,https://creativecommons.org/licenses/by-sa/4.0,https://commons.wikimedia.org/wiki/File:DZ3_0679_A_colorful_row_of_liquor_bottles_lined_up_on_a_dimly_lit_bar_ready_for_tonights_drinks.jpg,https://thumb.wikimedia.org/wikipedia/commons/thumb/3/32/DZ3_0679_A_colorful_row_of_liquor_bottles_lined_up_on_a_dimly_lit_bar_ready_for_tonights_drinks.jpg/1280px-DZ3_0679_A_colorful_row_of_liquor_bottles_lined_up_on_a_dimly_lit_bar_ready_for_tonights_drinks.jpg?utm_source=commons.wikimedia.org&utm_campaign=imageinfo&utm_content=thumbnail,liquor bottle shelf,1280,853,7,yes
1a8f036e1af2.jpg,wikimedia-commons,File:Flavored Liquor (Unsplash).jpg,wu yi takeshi2,,CC0,http://creativecommons.org/publicdomain/zero/1.0/deed.en,https://commons.wikimedia.org/wiki/File:Flavored_Liquor_(Unsplash).jpg,https://thumb.wikimedia.org/wikipedia/commons/thumb/8/88/Flavored_Liquor_%28Unsplash%29.jpg/1280px-Flavored_Liquor_%28Unsplash%29.jpg?utm_source=commons.wikimedia.org&utm_campaign=imageinfo&utm_content=thumbnail,liquor bottle shelf,1280,839,15,yes
83399e30b995.jpg,wikimedia-commons,File:The prohibition of the liquor traffic (IA prohibitionofliq00vern).pdf,"Vernon, Samuel Milton. [from old catalog]",,Public domain,,https://commons.wikimedia.org/wiki/File:The_prohibition_of_the_liquor_traffic_(IA_prohibitionofliq00vern).pdf,https://thumb.wikimedia.org/wikipedia/commons/thumb/b/b5/The_prohibition_of_the_liquor_traffic_%28IA_prohibitionofliq00vern%29.pdf/page1-500px-The_prohibition_of_the_liquor_traffic_%28IA_prohibitionofliq00vern%29.pdf.jpg?utm_source=commons.wikimedia.org&utm_campaign=imageinfo&utm_content=thumbnail,liquor bottle shelf,500,828,0,no
2619a030d84f.jpg,openverse/flickr,,neil conway,https://www.flickr.com/photos/30934989@N06,CC BY 2.0,https://creativecommons.org/licenses/by/2.0/,https://www.flickr.com/photos/30934989@N06/6888686727,https://live.staticflickr.com/7193/6888686727_7afce738f3_b.jpg,home bar shelf,600,400,0,no
32ef5d2b136d.jpg,openverse/flickr,The Making of Harry Potter 29-05-2012,Karen Roe,https://www.flickr.com/photos/28752865@N08,CC BY 2.0,https://creativecommons.org/licenses/by/2.0/,https://www.flickr.com/photos/28752865@N08/7375634372,https://live.staticflickr.com/5075/7375634372_9f68f68054_b.jpg,home bar shelf,600,400,4,yes
b89c64482366.jpg,openverse/flickr,Cafe - IHATOBO,Guwashi999,https://www.flickr.com/photos/16877319@N07,CC BY 2.0,https://creativecommons.org/licenses/by/2.0/,https://www.flickr.com/photos/16877319@N07/2431632940,https://live.staticflickr.com/3282/2431632940_f3beefa50f_b.jpg,home bar shelf,600,400,6,yes
ffa4497692a3.jpg,openverse/flickr,Anchor Brewing Co tour,Bernt Rostad,https://www.flickr.com/photos/67975030@N00,CC BY 2.0,https://creativecommons.org/licenses/by/2.0/,https://www.flickr.com/photos/67975030@N00/2878723924,https://live.staticflickr.com/3208/2878723924_21e07e2a64_b.jpg,home bar shelf,600,400,11,yes
f4f423098942.jpg,openverse/flickr,Bar.,Drab Makyo,https://www.flickr.com/photos/71503020@N00,CC BY 2.0,https://creativecommons.org/licenses/by/2.0/,https://www.flickr.com/photos/71503020@N00/387625552,https://live.staticflickr.com/185/387625552_3af6c5174d_b.jpg,home bar shelf,600,903,18,yes
95b6b8e4e121.jpg,openverse/flickr,New trinket on the bar: Bottled Poetry (wine),insidious_plots,https://www.flickr.com/photos/70928775@N00,CC BY 2.0,https://creativecommons.org/licenses/by/2.0/,https://www.flickr.com/photos/70928775@N00/5436429383,https://live.staticflickr.com/5211/5436429383_e26013d407_b.jpg,home bar shelf,600,449,1,no
97b07c511a24.jpg,openverse/flickr,Verkamps Grand Canyon Store August 2008. View of northeast corner of store. 1815,Grand Canyon NPS,https://www.flickr.com/photos/50693818@N08,CC BY 2.0,https://creativecommons.org/licenses/by/2.0/,https://www.flickr.com/photos/50693818@N08/14953039142,https://live.staticflickr.com/5558/14953039142_7ef8295a49_b.jpg,home bar shelf,600,417,0,no
be1affd7ea3c.jpg,openverse/flickr,Farmacia Tradicional,Eneas,https://www.flickr.com/photos/99479626@N00,CC BY 2.0,https://creativecommons.org/licenses/by/2.0/,https://www.flickr.com/photos/99479626@N00/3845247083,https://live.staticflickr.com/3528/3845247083_be96a157d4_b.jpg,home bar shelf,600,401,5,yes
b292494e780a.jpg,wikimedia-commons,"File:Ladies' Home Journal Vol.11 No.12 (November, 1894).pdf",various,,Public domain,,"https://commons.wikimedia.org/wiki/File:Ladies%27_Home_Journal_Vol.11_No.12_(November,_1894).pdf",https://thumb.wikimedia.org/wikipedia/commons/thumb/7/7a/Ladies%27_Home_Journal_Vol.11_No.12_%28November%2C_1894%29.pdf/page1-960px-Ladies%27_Home_Journal_Vol.11_No.12_%28November%2C_1894%29.pdf.jpg?utm_source=commons.wikimedia.org&utm_campaign=imageinfo&utm_content=thumbnail,home bar shelf,960,1390,0,no
19343867b9c1.jpg,wikimedia-commons,"File:Ladies' Home Journal and Practical Housekeeper Vol.5 No.07 (June, 1888).pdf",various,,Public domain,,"https://commons.wikimedia.org/wiki/File:Ladies%27_Home_Journal_and_Practical_Housekeeper_Vol.5_No.07_(June,_1888).pdf",https://thumb.wikimedia.org/wikipedia/commons/thumb/9/92/Ladies%27_Home_Journal_and_Practical_Housekeeper_Vol.5_No.07_%28June%2C_1888%29.pdf/page1-1280px-Ladies%27_Home_Journal_and_Practical_Housekeeper_Vol.5_No.07_%28June%2C_1888%29.pdf.jpg?utm_source=commons.wikimedia.org&utm_campaign=imageinfo&utm_content=thumbnail,home bar shelf,1280,1885,0,no
baf27e0bc21f.jpg,wikimedia-commons,File:The home lovers' library (Vol. 14) (IA homeloverslibrar14mard).pdf,"Marden, Orison Swett, 1848-1924, ed",,Public domain,,https://commons.wikimedia.org/wiki/File:The_home_lovers%27_library_(Vol._14)_(IA_homeloverslibrar14mard).pdf,https://thumb.wikimedia.org/wikipedia/commons/thumb/9/95/The_home_lovers%27_library_%28Vol._14%29_%28IA_homeloverslibrar14mard%29.pdf/page1-1280px-The_home_lovers%27_library_%28Vol._14%29_%28IA_homeloverslibrar14mard%29.pdf.jpg?utm_source=commons.wikimedia.org&utm_campaign=imageinfo&utm_content=thumbnail,home bar shelf,1280,1899,0,no
235da49e9472.jpg,openverse/flickr,Perfume,Jenn Durfey,https://www.flickr.com/photos/52498245@N03,CC BY 2.0,https://creativecommons.org/licenses/by/2.0/,https://www.flickr.com/photos/52498245@N03/5365251823,https://live.staticflickr.com/5204/5365251823_80c3fbf056_b.jpg,whisky bottle collection,600,400,2,yes
9ef03f6a6c27.jpg,openverse/flickr,"Los Angeles Street, north from First Street, Los Angeles, ca.1910 (CHS-5171)",Fæ,https://www.flickr.com/photos/50398299@N08,CC BY 2.0,https://creativecommons.org/licenses/by/2.0/,https://www.flickr.com/photos/50398299@N08/16018710203,https://live.staticflickr.com/8566/16018710203_6e098ea74f_b.jpg,whisky bottle collection,600,474,0,no
09d11ecd08f5.jpg,openverse/flickr,Beer bottles collection,futureshape,https://www.flickr.com/photos/55231259@N00,CC BY 2.0,https://creativecommons.org/licenses/by/2.0/,https://www.flickr.com/photos/55231259@N00/11057422113,https://live.staticflickr.com/3679/11057422113_d88de02def_b.jpg,whisky bottle collection,600,400,46,yes
c32b07b9a851.jpg,openverse/flickr,Claive Vidiz whisky collection,Biker Jun,https://www.flickr.com/photos/69223375@N00,CC BY-SA 2.0,https://creativecommons.org/licenses/by-sa/2.0/,https://www.flickr.com/photos/69223375@N00/14920222113,https://live.staticflickr.com/5610/14920222113_8fdb2a613b_b.jpg,whisky bottle collection,600,400,0,no
38c3a250ec24.jpg,openverse/flickr,063968:Electricity in Service Exhibition Newcastle upon Tyne Philipson 3-20 December 1924,Newcastle Libraries,https://www.flickr.com/photos/39821974@N06,CC PDM 1.0,https://creativecommons.org/publicdomain/mark/1.0/,https://www.flickr.com/photos/39821974@N06/4089081360,https://live.staticflickr.com/2756/4089081360_a5a4483308_b.jpg,whisky bottle collection,600,452,2,yes
ac284b647db4.jpg,openverse/flickr,Day 200 - Whisky Car,DaGoaty,https://www.flickr.com/photos/58169987@N00,CC BY 2.0,https://creativecommons.org/licenses/by/2.0/,https://www.flickr.com/photos/58169987@N00/4858133946,https://live.staticflickr.com/4077/4858133946_7d0c9938ac_b.jpg,whisky bottle collection,600,401,1,no
0aee2a3ec6b8.jpg,openverse/wikimedia,Johnnie Walker Blends Lineup,Aneil Lutchman,,CC BY-SA 2.0,https://creativecommons.org/licenses/by-sa/2.0/,https://commons.wikimedia.org/w/index.php?curid=45353822,https://upload.wikimedia.org/wikipedia/commons/6/66/Johnnie_Walker_Blends_Lineup.jpg,whisky bottle collection,4912,3264,9,yes
b5a98afce19f.jpg,openverse/flickr,Little Tipples,AdamSelwood,https://www.flickr.com/photos/50148267@N00,CC BY 2.0,https://creativecommons.org/licenses/by/2.0/,https://www.flickr.com/photos/50148267@N00/2813606540,https://live.staticflickr.com/3193/2813606540_e42d575eda_b.jpg,whisky bottle collection,600,698,8,yes
35e74adfa780.jpg,openverse/flickr,Edradour Straight from the Cask,sufw,https://www.flickr.com/photos/30783433@N06,CC BY-SA 2.0,https://creativecommons.org/licenses/by-sa/2.0/,https://www.flickr.com/photos/30783433@N06/4646847741,https://live.staticflickr.com/4017/4646847741_3a65667d0d_b.jpg,whisky bottle collection,600,400,1,no
e5ce3d91678a.jpg,openverse/flickr,"Parkers Heritage Collection Release VI Distillers Blend 11 Year Old, Heaven Hill Distillery 69.7%",Fareham Wine,https://www.flickr.com/photos/62243473@N05,CC BY 2.0,https://creativecommons.org/licenses/by/2.0/,https://www.flickr.com/photos/62243473@N05/14875972867,https://live.staticflickr.com/3896/14875972867_49fb374b3e_b.jpg,whisky bottle collection,442,1024,1,no
c5d7a8e264f8.jpg,openverse/flickr,may7-booze,David365,https://www.flickr.com/photos/12485267@N06,CC BY 2.0,https://creativecommons.org/licenses/by/2.0/,https://www.flickr.com/photos/12485267@N06/4588564029,https://live.staticflickr.com/4014/4588564029_0e099fcf91_b.jpg,whisky bottle collection,600,444,6,yes
72d31ac86e14.jpg,openverse/wikimedia,Black Velvet Canadian Whisky,Craiglduncan at English Wikipedia,https://en.wikipedia.org/wiki/User:Craiglduncan,CC BY 3.0,https://creativecommons.org/licenses/by/3.0/,https://commons.wikimedia.org/w/index.php?curid=15988529,https://upload.wikimedia.org/wikipedia/commons/5/51/Black_Velvet_Canadian_Whisky.jpg,whisky bottle collection,1640,3193,1,no
bf82580e8e7f.jpg,openverse/flickr,Diageo Claive Vidiz Collection,Bernt Rostad,https://www.flickr.com/photos/67975030@N00,CC BY 2.0,https://creativecommons.org/licenses/by/2.0/,https://www.flickr.com/photos/67975030@N00/6262423587,https://live.staticflickr.com/6115/6262423587_20c2120d08_b.jpg,whisky bottle collection,600,449,8,yes
f9261c72c505.jpg,openverse/flickr,Diageo Claive Vidiz Collection,Bernt Rostad,https://www.flickr.com/photos/67975030@N00,CC BY 2.0,https://creativecommons.org/licenses/by/2.0/,https://www.flickr.com/photos/67975030@N00/6262423597,https://live.staticflickr.com/6180/6262423597_46d36934b3_b.jpg,whisky bottle collection,600,449,1,no
3da76d41881d.jpg,wikimedia-commons,File:Barrels of whisky - geograph.org.uk - 667439.jpg,Stephen Sweeney,,CC BY-SA 2.0,https://creativecommons.org/licenses/by-sa/2.0,https://commons.wikimedia.org/wiki/File:Barrels_of_whisky_-_geograph.org.uk_-_667439.jpg,https://upload.wikimedia.org/wikipedia/commons/e/eb/Barrels_of_whisky_-_geograph.org.uk_-_667439.jpg?utm_source=commons.wikimedia.org&utm_campaign=imageinfo&utm_content=thumbnail_unscaled,whisky bottle collection,640,480,0,no
b2426e7e8c68.jpg,wikimedia-commons,"File:Bottle, whisky (AM 1482-1).jpg",James Buchannan &amp; Co,,CC BY 4.0,https://creativecommons.org/licenses/by/4.0,"https://commons.wikimedia.org/wiki/File:Bottle,_whisky_(AM_1482-1).jpg",https://upload.wikimedia.org/wikipedia/commons/7/70/Bottle%2C_whisky_%28AM_1482-1%29.jpg?utm_source=commons.wikimedia.org&utm_campaign=imageinfo&utm_content=thumbnail_unscaled,whisky bottle collection,900,1112,0,no
099b111f9b51.jpg,wikimedia-commons,"File:Bottle, whisky (AM 1482-6).jpg",James Buchannan &amp; Co,,CC BY 4.0,https://creativecommons.org/licenses/by/4.0,"https://commons.wikimedia.org/wiki/File:Bottle,_whisky_(AM_1482-6).jpg",https://thumb.wikimedia.org/wikipedia/commons/thumb/b/b8/Bottle%2C_whisky_%28AM_1482-6%29.jpg/1280px-Bottle%2C_whisky_%28AM_1482-6%29.jpg?utm_source=commons.wikimedia.org&utm_campaign=imageinfo&utm_content=thumbnail,whisky bottle collection,1280,1707,0,no
2279afdfdb11.jpg,wikimedia-commons,"File:Bottle, whisky (AM 2015.34.56-1).jpg",not researched,,CC BY 4.0,https://creativecommons.org/licenses/by/4.0,"https://commons.wikimedia.org/wiki/File:Bottle,_whisky_(AM_2015.34.56-1).jpg",https://thumb.wikimedia.org/wikipedia/commons/thumb/3/3b/Bottle%2C_whisky_%28AM_2015.34.56-1%29.jpg/1280px-Bottle%2C_whisky_%28AM_2015.34.56-1%29.jpg?utm_source=commons.wikimedia.org&utm_campaign=imageinfo&utm_content=thumbnail,whisky bottle collection,1280,853,1,no
b21095ff6f0c.jpg,wikimedia-commons,"File:Bottle, whisky (AM 2015.34.56-2).jpg",not researched,,CC BY 4.0,https://creativecommons.org/licenses/by/4.0,"https://commons.wikimedia.org/wiki/File:Bottle,_whisky_(AM_2015.34.56-2).jpg",https://thumb.wikimedia.org/wikipedia/commons/thumb/7/74/Bottle%2C_whisky_%28AM_2015.34.56-2%29.jpg/1280px-Bottle%2C_whisky_%28AM_2015.34.56-2%29.jpg?utm_source=commons.wikimedia.org&utm_campaign=imageinfo&utm_content=thumbnail,whisky bottle collection,1280,853,1,no
8d2c48cfc3e3.jpg,wikimedia-commons,"File:Bottle, whisky (AM 2015.34.56-3).jpg",not researched,,CC BY 4.0,https://creativecommons.org/licenses/by/4.0,"https://commons.wikimedia.org/wiki/File:Bottle,_whisky_(AM_2015.34.56-3).jpg",https://thumb.wikimedia.org/wikipedia/commons/thumb/6/64/Bottle%2C_whisky_%28AM_2015.34.56-3%29.jpg/1280px-Bottle%2C_whisky_%28AM_2015.34.56-3%29.jpg?utm_source=commons.wikimedia.org&utm_campaign=imageinfo&utm_content=thumbnail,whisky bottle collection,1280,853,0,no
bddd21d5415f.jpg,wikimedia-commons,"File:Bottle, whisky (AM 2015.34.56-4).jpg",not researched,,CC BY 4.0,https://creativecommons.org/licenses/by/4.0,"https://commons.wikimedia.org/wiki/File:Bottle,_whisky_(AM_2015.34.56-4).jpg",https://thumb.wikimedia.org/wikipedia/commons/thumb/b/b4/Bottle%2C_whisky_%28AM_2015.34.56-4%29.jpg/1280px-Bottle%2C_whisky_%28AM_2015.34.56-4%29.jpg?utm_source=commons.wikimedia.org&utm_campaign=imageinfo&utm_content=thumbnail,whisky bottle collection,1280,853,1,no
59d475628efa.jpg,wikimedia-commons,"File:Bottle, whisky (AM 2015.34.56-5).jpg",not researched,,CC BY 4.0,https://creativecommons.org/licenses/by/4.0,"https://commons.wikimedia.org/wiki/File:Bottle,_whisky_(AM_2015.34.56-5).jpg",https://thumb.wikimedia.org/wikipedia/commons/thumb/1/16/Bottle%2C_whisky_%28AM_2015.34.56-5%29.jpg/1280px-Bottle%2C_whisky_%28AM_2015.34.56-5%29.jpg?utm_source=commons.wikimedia.org&utm_campaign=imageinfo&utm_content=thumbnail,whisky bottle collection,1280,853,1,no
5db2cef831b4.jpg,wikimedia-commons,"File:Bottle, whisky (AM 2015.34.56-6).jpg",not researched,,CC BY 4.0,https://creativecommons.org/licenses/by/4.0,"https://commons.wikimedia.org/wiki/File:Bottle,_whisky_(AM_2015.34.56-6).jpg",https://thumb.wikimedia.org/wikipedia/commons/thumb/3/38/Bottle%2C_whisky_%28AM_2015.34.56-6%29.jpg/1280px-Bottle%2C_whisky_%28AM_2015.34.56-6%29.jpg?utm_source=commons.wikimedia.org&utm_campaign=imageinfo&utm_content=thumbnail,whisky bottle collection,1280,793,1,no
fedf5d133789.jpg,wikimedia-commons,"File:Bottle, whisky (AM 609815-3).jpg",Peter Dawson Ltd,,CC BY 4.0,https://creativecommons.org/licenses/by/4.0,"https://commons.wikimedia.org/wiki/File:Bottle,_whisky_(AM_609815-3).jpg",https://thumb.wikimedia.org/wikipedia/commons/thumb/f/fd/Bottle%2C_whisky_%28AM_609815-3%29.jpg/1280px-Bottle%2C_whisky_%28AM_609815-3%29.jpg?utm_source=commons.wikimedia.org&utm_campaign=imageinfo&utm_content=thumbnail,whisky bottle collection,1280,960,1,no
00f9eb978d41.jpg,wikimedia-commons,"File:Former whisky bottling plant, Markinch - geograph.org.uk - 1236564.jpg",Stanley Howe,,CC BY-SA 2.0,https://creativecommons.org/licenses/by-sa/2.0,"https://commons.wikimedia.org/wiki/File:Former_whisky_bottling_plant,_Markinch_-_geograph.org.uk_-_1236564.jpg",https://upload.wikimedia.org/wikipedia/commons/9/98/Former_whisky_bottling_plant%2C_Markinch_-_geograph.org.uk_-_1236564.jpg?utm_source=commons.wikimedia.org&utm_campaign=imageinfo&utm_content=thumbnail_unscaled,whisky bottle collection,640,438,0,no
9b26628d7d4a.jpg,wikimedia-commons,File:Photograph of a label from a bottle of Old Hokonui (illicitly distilled whisky) ATLIB 307439.png,"Godber, Albert Percy, 1875-1949",,Public domain,,https://commons.wikimedia.org/wiki/File:Photograph_of_a_label_from_a_bottle_of_Old_Hokonui_(illicitly_distilled_whisky)_ATLIB_307439.png,https://thumb.wikimedia.org/wikipedia/commons/thumb/4/4e/Photograph_of_a_label_from_a_bottle_of_Old_Hokonui_%28illicitly_distilled_whisky%29_ATLIB_307439.png/1280px-Photograph_of_a_label_from_a_bottle_of_Old_Hokonui_%28illicitly_distilled_whisky%29_ATLIB_307439.png?utm_source=commons.wikimedia.org&utm_campaign=imageinfo&utm_content=thumbnail,whisky bottle collection,1280,1727,0,no
9b7f885108e0.jpg,wikimedia-commons,File:Shieldhall Whisky Bottling Plant - geograph.org.uk - 59318.jpg,Chris Upson,,CC BY-SA 2.0,https://creativecommons.org/licenses/by-sa/2.0,https://commons.wikimedia.org/wiki/File:Shieldhall_Whisky_Bottling_Plant_-_geograph.org.uk_-_59318.jpg,https://upload.wikimedia.org/wikipedia/commons/b/b8/Shieldhall_Whisky_Bottling_Plant_-_geograph.org.uk_-_59318.jpg?utm_source=commons.wikimedia.org&utm_campaign=imageinfo&utm_content=thumbnail_unscaled,whisky bottle collection,640,480,0,no
6c48b3b78e33.jpg,wikimedia-commons,File:Signatory Vintage The Un-Chillfiltered Collection Linkwood2009.jpg,Keeezawa,,CC BY-SA 4.0,https://creativecommons.org/licenses/by-sa/4.0,https://commons.wikimedia.org/wiki/File:Signatory_Vintage_The_Un-Chillfiltered_Collection_Linkwood2009.jpg,https://thumb.wikimedia.org/wikipedia/commons/thumb/d/d0/Signatory_Vintage_The_Un-Chillfiltered_Collection_Linkwood2009.jpg/1280px-Signatory_Vintage_The_Un-Chillfiltered_Collection_Linkwood2009.jpg?utm_source=commons.wikimedia.org&utm_campaign=imageinfo&utm_content=thumbnail,whisky bottle collection,1280,1706,2,yes
